cust_id,gender
3500,0.6313567820471802
3501,0.14844208473117004
3502,0.2065548879890652
3503,0.7030327527694977
3504,0.2871529164512857
3505,0.41044519424928105
3506,0.1699456731732492
3507,0.32610929863064336
3508,0.6189487619498752
3509,0.7046182883257412
3510,0.1750487948268446
3511,0.3589543722861551
3512,0.4797494382897436
3513,0.3087821289948368
3514,0.33055828112230834
3515,0.40385813243899854
3516,0.10826285606375108
3517,0.48060888704637594
3518,0.5749941164525408
3519,0.0030973215053720043
3520,0.4207909684962367
3521,0.49596893612687853
3522,0.5418302743141757
3523,0.1826404475648152
3524,0.6221339520055659
3525,0.7652741041267626
3526,0.48209015053283305
3527,0.8683952842759662
3528,0.6752231835731903
3529,0.3452273508711854
3530,0.22875999035519184
3531,0.7067549722224818
3532,0.5911724235966287
3533,0.33184183287709507
3534,0.3673429805506305
3535,0.2522592187156815
3536,0.7954526581146133
3537,0.6064926179841582
3538,0.3144233313465149
3539,0.4046043964768649
3540,0.29522867070828934
3541,0.1225006934040523
3542,0.281764654817554
3543,0.20281460903706736
3544,0.524907149221788
3545,0.4210681459295219
3546,0.0016158368079780617
3547,0.09516922801277684
3548,0.7533751282597299
3549,0.21545220302993903
3550,0.45618353369475695
3551,0.4974750795009279
3552,0.4624891420968907
3553,0.2153164177327261
3554,0.4278147389201055
3555,0.3368906589631257
3556,0.2767475560601947
3557,0.311960217093082
3558,0.3305523330599124
3559,0.4835527173681923
3560,0.4478745540931249
3561,0.48067859123015855
3562,0.29699233045224754
3563,0.46052168609933497
3564,0.5445049774129098
3565,0.49578757100527054
3566,0.07911130182393279
3567,0.6192846024413179
3568,0.47771282649403535
3569,0.588499981021367
3570,0.5061818800869193
3571,0.4045947113404419
3572,0.49210312634720177
3573,0.5334892837209757
3574,0.300700713343494
3575,0.7628421971913493
3576,0.0031112069758919055
3577,0.7123805095478543
3578,0.49458471009869315
3579,0.3201357247956886
3580,0.5425807357200055
3581,0.5560680057421785
3582,0.7965209407116629
3583,0.7614762441443126
3584,0.38904212237731806
3585,0.4512952382205727
3586,0.04174702396090665
3587,0.9962162736501039
3588,0.46625139265977505
3589,0.6230975123127968
3590,0.49782188163871793
3591,0.4239261947119072
3592,0.7622272986731762
3593,0.004482959891294398
3594,0.4514019439022382
3595,0.6863552005543961
3596,0.2774178084447831
3597,0.2883817872347526
3598,0.5388639097361423
3599,0.6961179981036333
3600,0.6269350407617893
3601,0.41453331265319243
3602,0.3036220693879774
3603,0.6850992639067094
3604,0.6752159796602216
3605,0.2629427894085319
3606,0.6264668654328572
3607,0.217868827881412
3608,0.28052454620589473
3609,0.46520177111564204
3610,0.49919745812162075
3611,0.9981963614146808
3612,0.43162287223358486
3613,0.0022556686531048174
3614,0.4789768374654941
3615,0.27770494183496375
3616,0.28037611078034863
3617,0.5260531583991446
3618,0.36853498707696264
3619,0.33528802920407436
3620,0.15515541697931098
3621,0.6686593011512781
3622,0.46896063654400577
3623,0.5117129341664454
3624,0.22557354204153485
3625,0.33559332851484924
3626,0.4428714681983896
3627,0.3726245173276627
3628,0.5742551852862585
3629,0.2105124696292297
3630,0.4978767440818234
3631,0.6329364639937394
3632,0.4920612764995861
3633,0.14570549765443114
3634,0.30276184751643
3635,0.5168775547693202
3636,0.3712903183088119
3637,0.4293399782997424
3638,0.43813652754430493
3639,0.8423681748550216
3640,0.2983447129969612
3641,0.37138082377787357
3642,0.7987814099040207
3643,0.387330284372237
3644,0.4532104200322026
3645,0.450980540668083
3646,0.17664635877347803
3647,0.29028506837527274
3648,0.5698630499718702
3649,0.4720781074149353
3650,0.31169390857392615
3651,0.6288575536671733
3652,0.41023052028702056
3653,0.8893438852406058
3654,0.4174547337520441
3655,0.3505318115405567
3656,0.4579975612315508
3657,0.41596007391414236
3658,0.26240922036039654
3659,0.24048600949185384
3660,0.4635645600809297
3661,0.5049008657815107
3662,0.22450459532614112
3663,0.39111177250334134
3664,0.36713343043415847
3665,0.621893183335185
3666,0.39131460470706114
3667,0.3403645270147537
3668,0.19040377032421496
3669,0.5447096976305725
3670,0.4888229514529005
3671,0.6305231862513939
3672,0.4683956291658284
3673,0.5245863302287465
3674,0.46011005172720076
3675,0.39884765084259444
3676,0.38451083876721687
3677,0.5262965897467252
3678,0.3964432605468611
3679,0.62196232277184
3680,0.41429371908325824
3681,0.006686805241255013
3682,0.2688884372122595
3683,0.3533401089863426
3684,0.3636216649083191
3685,0.28837180807434215
3686,0.30198629300752217
3687,0.5048227445797601
3688,0.36627882075338125
3689,0.5065853502219295
3690,0.4227024485464017
3691,0.3463207566732259
3692,0.0007011498392626352
3693,0.45230106892924105
3694,0.27590301752999563
3695,0.8374946087497598
3696,0.5439429952525973
3697,0.4829054030016893
3698,0.3720670962440224
3699,0.6082056685497542
3700,0.39712924091430213
3701,0.3515044100974751
3702,0.4886522310610521
3703,0.2813080708806061
3704,0.5777953401748973
3705,0.49067165694631976
3706,0.4448499604468066
3707,0.13600574157259038
3708,0.19237493643001957
3709,0.4460417795847144
3710,0.4004426918250134
3711,0.2689273463117537
3712,0.48962949311951265
3713,0.23755853192034634
3714,0.3466028727871443
3715,0.11158620009607997
3716,0.25240785882485467
3717,0.4911443234783141
3718,0.3161829114262671
3719,0.2500587953185897
3720,0.40700241823125305
3721,0.5173098854844742
3722,0.4881127357070977
3723,0.19164164227029315
3724,0.5280326497020629
3725,0.3911320458212858
3726,0.6274630145327893
3727,0.424955599296242
3728,0.2988308722473871
3729,0.4947469713011516
3730,0.4759646948287955
3731,0.2885336872039573
3732,0.583661396482037
3733,0.8215643482613894
3734,0.3759305762489553
3735,0.2970461519547564
3736,0.21222753608840725
3737,0.5685501562472473
3738,0.5456195905619718
3739,0.3757603802217423
3740,0.3446071667142747
3741,0.4034687248911989
3742,0.18231782991003673
3743,0.34295135456877107
3744,0.4702288501069916
3745,0.5107439410409869
3746,0.4834560059052832
3747,0.32649540877326794
3748,0.13740520505511267
3749,0.5328213254003064
3750,0.6505520019980939
3751,0.6566375908752687
3752,0.44291062335727466
3753,0.7217712344074415
3754,0.47495913011365537
3755,0.5182078892003986
3756,0.5295951795127118
3757,0.5097499028495724
3758,0.40198992652683196
3759,0.5029826169297537
3760,0.4321780184807239
3761,0.4982987567989136
3762,0.3039840576605979
3763,0.13883136397832443
3764,0.48540195168201367
3765,0.020606891279192067
3766,0.4231323543042356
3767,0.48342803453819383
3768,0.33591105851936004
3769,0.48974726501171173
3770,0.6257880548164355
3771,0.31811653039525156
3772,0.5500278619280322
3773,0.3916710902221906
3774,0.34565190042249994
3775,0.5395172268984982
3776,0.653991631021608
3777,0.38669928156380884
3778,0.3002486931774182
3779,0.4876326946916228
3780,0.4783840187121157
3781,0.46493330846692826
3782,0.4093221046128665
3783,0.3914481099373364
3784,0.461661668861566
3785,0.5331466562433111
3786,0.4967541280807593
3787,0.4699958105375698
3788,0.4769083660917623
3789,0.6569952003825362
3790,0.144825877219085
3791,0.15049500174586092
3792,0.29034441656912197
3793,0.6613724475398702
3794,0.5041220180604683
3795,0.2593162524493339
3796,0.26210135671711804
3797,0.49431145797439446
3798,0.3153318058049195
3799,0.5141646938360263
3800,0.22029983127273212
3801,0.4620149731492284
3802,0.12744232681518347
3803,0.37100565044318856
3804,0.5523228521046701
3805,0.7843057749900797
3806,0.374867902873537
3807,0.15563548173829203
3808,0.39979971371540973
3809,0.1873551399049101
3810,0.3370471664197207
3811,0.6679372444855125
3812,0.8624276009369758
3813,0.0009774259451307546
3814,0.20135361716944403
3815,0.46424586240905147
3816,0.6133886027180435
3817,0.4124765791719082
3818,0.31648956661561645
3819,0.5083350116477734
3820,0.48641794049999176
3821,0.49212708857263465
3822,0.6010479190794039
3823,0.37430849760529633
3824,0.2212904829667215
3825,0.4369784423593897
3826,0.26891195199751056
3827,0.3280917159333083
3828,0.29609418996153364
3829,0.6062154432815083
3830,0.8406724948602733
3831,0.3076221399381594
3832,0.33435198260468635
3833,0.4015485009926038
3834,0.18997236327242562
3835,0.2665713338765651
3836,0.0896770796539503
3837,0.4218871148524102
3838,0.6861584198407349
3839,0.511188856764263
3840,0.5006900182296836
3841,0.449703945103013
3842,0.4165246610130723
3843,0.270595815247731
3844,0.4691225388110049
3845,0.05756142221012566
3846,0.37449686915350117
3847,0.09407940550392917
3848,0.4050656108057424
3849,0.5625249829069053
3850,0.18614594680749352
3851,0.0013488317444953933
3852,0.5157474717334121
3853,0.5801408093052972
3854,0.4525870147707162
3855,0.23830620502707767
3856,0.48132033339064173
3857,0.2755762049823667
3858,0.49458151320049387
3859,0.45281174051647805
3860,0.5474105785599013
3861,0.08651272462558919
3862,0.5100970472729977
3863,0.5320371960711966
3864,0.8244166769991125
3865,0.6725776224543112
3866,0.6711616536657136
3867,0.6185446379146163
3868,0.4286892165853423
3869,0.5232442817298906
3870,0.15689276829716223
3871,0.3820982620656907
3872,0.6024018614498923
3873,0.3557678489274503
3874,0.5492450683427248
3875,0.20010982771538746
3876,0.43290048271788106
3877,0.5775685523310736
3878,0.7179980458347391
3879,0.5618344594019148
3880,0.996801655711854
3881,0.3358334256850326
3882,0.47155550459055107
3883,0.4113971594864521
3884,0.15060138674323006
3885,0.4189521318455091
3886,0.47783392668563746
3887,0.33729057648760646
3888,0.5449581856160409
3889,0.21951416989340564
3890,0.47214153220467775
3891,0.40468030637434027
3892,0.06173300468902419
3893,0.1339943734376238
3894,0.15975093408463042
3895,0.02700397969589774
3896,0.12144831253963054
3897,0.3837641104237342
3898,0.4361358036104283
3899,0.44054942476815423
3900,0.5788005970859061
3901,0.4837477150324852
3902,0.4068916706364075
3903,0.3854501929304669
3904,0.48583619799792954
3905,0.47470198764659133
3906,0.7964587766532893
3907,0.08689779734415765
3908,0.6131294105682012
3909,0.4989508360720832
3910,0.22712376015502708
3911,0.26199597201344316
3912,0.5438966945811299
3913,0.44743690412987674
3914,0.37400261944645563
3915,0.2887209073961382
3916,0.4634011670192121
3917,0.46001463952620153
3918,0.005143341889308311
3919,0.3230994564723971
3920,0.7386707244577381
3921,0.51875749157536
3922,0.38475952306288685
3923,0.9989356577779558
3924,0.35808219858685925
3925,0.32966453339125157
3926,0.401378957498799
3927,0.0005472418703514764
3928,0.31510863747285894
3929,0.5188411746710715
3930,0.6812400991140569
3931,0.20521922939836568
3932,0.30844275767290524
3933,0.4281971152987878
3934,0.39037850574312927
3935,0.3577882762240122
3936,0.017537445855935738
3937,0.025315105898194967
3938,0.5710713208272906
3939,0.5126045231327614
3940,0.4151599866153909
3941,0.20910392849784964
3942,0.18954478454147286
3943,0.23723554173517367
3944,0.07493925908446539
3945,0.36670960854324836
3946,0.3930684718544701
3947,0.08156588243087923
3948,0.5504549087821972
3949,0.5841657984497653
3950,0.3920043067577044
3951,0.5041229495699264
3952,0.4170149555454719
3953,0.3304655731252326
3954,0.8368937832993963
3955,0.29254405780376885
3956,0.1762069593268172
3957,0.16031116307940252
3958,0.3097061512506044
3959,0.3573582808072137
3960,0.5196134293153419
3961,0.8124047551165465
3962,0.675806300686304
3963,0.18786891249430446
3964,0.42864896778124323
3965,0.41662483739491574
3966,0.2346806252912963
3967,0.2913945755726262
3968,0.5305317819872322
3969,0.615000048675212
3970,0.40249378648551176
3971,0.07843610726288489
3972,0.5066505519213489
3973,0.8227731977019338
3974,0.4020676186498133
3975,0.517236683083635
3976,0.5470264826136637
3977,0.6347229716639861
3978,0.9982838888581791
3979,0.8817467259152879
3980,0.4731889315718235
3981,0.24681245263687424
3982,0.20294120510604674
3983,0.30844768380735116
3984,0.6456114467584085
3985,0.2041303568822507
3986,0.2679574834900633
3987,0.0001448513299733532
3988,0.36401508911055325
3989,0.2861728299093692
3990,0.41963875262790895
3991,0.46785364159856807
3992,0.3816870600176228
3993,0.2964057398948254
3994,0.29807275458590754
3995,0.5113151994576375
3996,0.391493938365267
3997,0.18954032748126798
3998,0.4622207018238803
3999,0.8446973864640038
4000,0.6952704714093662
4001,0.3586367039389175
4002,0.40338520902873726
4003,0.33703569464342786
4004,0.4571097153055345
4005,0.22071298453135194
4006,0.21164644882995762
4007,0.5075343147537501
4008,0.24951251150297254
4009,0.3596184545344262
4010,0.3567872232343621
4011,0.37107484132097424
4012,0.9980853918614249
4013,0.6704694767127359
4014,0.28718719411047555
4015,0.6292418923619966
4016,0.26872193413450124
4017,0.506934208687714
4018,0.2256618627664074
4019,0.610762412091046
4020,0.26666070424410054
4021,0.40321201474382357
4022,0.4795057680824015
4023,0.4546150182341013
4024,0.521250996218756
4025,0.28887604451978993
4026,0.5438651008477169
4027,0.46538954525448406
4028,0.40637151748231504
4029,0.3698130922514017
4030,0.07487190678962512
4031,0.24863744459869874
4032,0.38518247415084506
4033,0.4756872717696054
4034,0.41879803482269246
4035,0.5898913540145935
4036,0.5343917602041052
4037,0.3014183915514874
4038,0.15234890779971622
4039,0.3722930698147962
4040,0.8141594335549058
4041,0.36005143071281837
4042,0.2458486941885148
4043,0.4335854345751401
4044,0.4924815393242727
4045,0.5851117528356365
4046,0.43958262986607866
4047,0.42543016662957095
4048,0.3991197503068075
4049,0.46951383066883534
4050,0.3440782558501567
4051,0.3764017531605119
4052,0.3211558731701167
4053,0.353943299456176
4054,0.29549219746577715
4055,0.4038967494489967
4056,0.5067865306404642
4057,0.5533509509488203
4058,0.512702778284593
4059,0.7536330995319437
4060,0.5703742622452885
4061,0.43852695750908893
4062,0.5654624242803182
4063,0.34373018657267956
4064,0.9982844327474774
4065,0.8676161165143931
4066,0.3851178294321841
4067,0.000917972979398701
4068,0.1454165603063263
4069,0.0020371272133804575
4070,0.20580838395735618
4071,0.5734948219648272
4072,0.23819908214736665
4073,0.2704935745293831
4074,0.38625263629696166
4075,0.5675359055906611
4076,0.5001270900929926
4077,0.4634709651202215
4078,0.47454023587159805
4079,0.4331967661283343
4080,0.47638364615706436
4081,0.20234135353337734
4082,0.5730023035441315
4083,0.1603214673120091
4084,0.3933673368907116
4085,0.6760656785860247
4086,0.5831430051098343
4087,0.37300864673811585
4088,0.446678241023891
4089,0.3437161877301788
4090,0.5785446226873344
4091,0.44293404632766253
4092,0.6374172455833524
4093,0.49133191182394415
4094,0.530273524158423
4095,0.2773148414549318
4096,0.42924487940572936
4097,0.5739562778900095
4098,0.7093161697839037
4099,0.5186721407750752
4100,0.45964580740813393
4101,0.6986364063769924
4102,0.17818064099665262
4103,0.1526182055442337
4104,0.3779540416936052
4105,0.4370570579623481
4106,0.07708156682357786
4107,0.44925074987168273
4108,0.6183454559328577
4109,0.7882242306944099
4110,0.3715833043900033
4111,0.5683235811372218
4112,0.471089752258883
4113,0.4612582757925448
4114,0.9981579346166786
4115,0.34066638085980677
4116,0.7685974370628782
4117,0.7688770915685136
4118,0.28686783005668226
4119,0.4427239063602193
4120,0.7200220859273929
4121,0.7360690269485001
4122,0.524955167017625
4123,0.4217639212002328
4124,0.8175618634778319
4125,0.37961604193314097
4126,0.16914040745539624
4127,0.29431476057887873
4128,0.2358186982953857
4129,0.5120981502906253
4130,0.36111035894358806
4131,0.5341171678359383
4132,0.45729429623603574
4133,0.46823334856534726
4134,0.42243141030848047
4135,0.3155379146390938
4136,0.4381719496768027
4137,0.6185679689049978
4138,0.49909076451639683
4139,0.3455595434348614
4140,0.49240431958941727
4141,0.3515325245357398
4142,0.421288012316816
4143,0.2444362152270324
4144,0.8627533133236237
4145,0.922851309977435
4146,0.34777297082152503
4147,0.29680019617863523
4148,0.41629924207435437
4149,0.32401604322084315
4150,0.35999930923064694
4151,0.3673272571898401
4152,0.5710609786183397
4153,0.5772043280069197
4154,0.4689504555525147
4155,0.5840926034140947
4156,0.17356419180678906
4157,0.3716746443379472
4158,0.0023163938050541903
4159,0.22978060523396096
4160,0.6237620283121686
4161,0.3940897390869714
4162,0.3317279961644333
4163,0.5287282054094126
4164,0.5826645570009104
4165,0.3958274539987816
4166,0.5012387417398315
4167,0.6392057597107067
4168,0.47520228362627204
4169,0.4271658525256402
4170,0.2589489829885711
4171,0.4614661117938717
4172,0.24820219132612098
4173,0.45510686638452524
4174,0.47174289329966074
4175,0.42435896222826675
4176,0.5090498885896957
4177,0.2884174837849374
4178,0.4495427522632502
4179,0.23432809097311155
4180,0.2661270834705815
4181,0.18283122852249753
4182,0.42672993652373564
4183,0.2066555819153611
4184,0.20194196768047518
4185,0.40131308590508613
4186,0.35562564113347245
4187,0.05763783698529499
4188,0.6680581414668828
4189,0.33916399905655364
4190,0.19730131759369215
4191,0.39520027154798754
4192,0.0034877692974890112
4193,0.2113236217423398
4194,0.5748825503447941
4195,0.5135826462381189
4196,0.5442096825287559
4197,0.3351426973599251
4198,0.4440145341374976
4199,0.1842787545914088
4200,0.43841021706096217
4201,0.43334011596564026
4202,0.1542302050483926
4203,0.20680621078706998
4204,0.5180091942897619
4205,0.21966572311231247
4206,0.8248373650129671
4207,0.36697335270351855
4208,0.6052084311927403
4209,0.7388034833698991
4210,0.3227978197934055
4211,0.3784952976747936
4212,0.5135651893692512
4213,0.31440296312629695
4214,0.3741242498798919
4215,0.5498356487395342
4216,0.5327113936623173
4217,0.28558445503471364
4218,0.0018686100728927358
4219,0.47027723090092244
4220,0.39119477404351993
4221,0.5809004677311617
4222,0.5820017222302909
4223,0.12543330828718424
4224,0.5335860462659625
4225,0.37308289991256177
4226,0.2314546387895994
4227,0.4735515582098693
4228,0.6870200455645766
4229,0.5087846889396518
4230,0.3290023190065154
4231,0.6349524031951221
4232,0.5340845732388256
4233,0.0006636988961143957
4234,0.47326322686572364
4235,0.46346319247550216
4236,0.45540234242876
4237,0.8339136542027674
4238,0.5835569404151559
4239,0.48412955321730994
4240,0.42233812297454953
4241,0.055883737931187914
4242,0.5051342973013504
4243,0.20310360578078232
4244,0.42039637537631963
4245,0.5010590581138562
4246,0.5838091589133896
4247,0.6118944895769167
4248,0.4075589284583073
4249,0.001987862052015123
4250,0.1401873372927867
4251,0.3931889903672977
4252,0.2536675337508254
4253,0.4263153995366257
4254,0.6208034093074443
4255,0.4054072278999705
4256,0.21977439622325726
4257,0.3485286447656377
4258,0.6592624746800595
4259,0.8799686221804223
4260,0.6327376649976536
4261,0.23972945226307715
4262,0.4470260148609699
4263,0.16091244360448353
4264,0.5785350497198332
4265,0.06856062854305607
4266,0.8323925807503569
4267,0.3226098038167171
4268,0.04900204982460134
4269,0.3277560145311358
4270,0.3331738967052651
4271,0.547936480533669
4272,0.26114201666763054
4273,0.6329202773536012
4274,0.6175447129968422
4275,0.48552359167999326
4276,0.3742694273413665
4277,0.44553800999291165
4278,0.0018885329714144075
4279,0.5775688961768242
4280,0.5202784217656704
4281,0.4498271443237123
4282,0.32171080685946335
4283,0.40029764508294524
4284,0.7013680828910039
4285,0.29991572378025727
4286,0.35193004214870666
4287,0.15557594174255776
4288,0.4889615601939904
4289,0.5511103748785433
4290,0.5417740210836576
4291,0.3685283876844259
4292,0.8169042859930035
4293,0.6080600579923944
4294,0.0004053665843205257
4295,0.38914386620023655
4296,0.5131717346969439
4297,0.4770958282977681
4298,0.1745465231815763
4299,0.22172875390713775
4300,0.03734026997750485
4301,0.4192099379574547
4302,0.0945164745883638
4303,0.2360227391933239
4304,0.42559374650709936
4305,0.38512583222026603
4306,0.17863555527606262
4307,0.20929406141183374
4308,0.3088949638340954
4309,0.3551364905739093
4310,0.3028484426390425
4311,0.5665922149955529
4312,0.3741580000820092
4313,0.33827558865524066
4314,0.394630619600011
4315,0.584219391802811
4316,0.6044809693393457
4317,0.0013908283496941534
4318,0.21643108278935375
4319,0.6031160457200668
4320,0.2919143908209801
4321,0.4714807973849772
4322,0.4629292722906913
4323,0.40372898836452187
4324,0.0017662206666199582
4325,0.42503159476705066
4326,0.479889935006197
4327,0.001810670378830673
4328,0.5556783577741329
4329,0.11562134275263074
4330,0.32997962607336506
4331,0.13432239762654732
4332,0.41067822475650634
4333,0.0020894077776488986
4334,0.3444331347170016
4335,0.08669357078087438
4336,0.5040748105090247
4337,0.5152538598716153
4338,0.7115795363184452
4339,0.1602793975320374
4340,0.20656751689360134
4341,0.3870993259366702
4342,0.8292882911571225
4343,0.2680855676236023
4344,0.47592024915766673
4345,0.2557475636516644
4346,0.39494745434752165
4347,0.4967772457760031
4348,0.5022031668750462
4349,0.44198807284140046
4350,0.0005281410224508859
4351,0.34017784418309616
4352,0.2573951628250304
4353,0.4567990697444725
4354,0.4161384859809703
4355,0.45359563484879867
4356,0.4587077601919339
4357,0.5101242667973409
4358,0.15930110013060905
4359,0.39765972146890066
4360,0.5384364458358436
4361,0.42159766663827847
4362,0.5555015376861977
4363,0.4652458825460616
4364,0.20573753311941578
4365,0.39676156784812305
4366,0.21542817469184478
4367,0.3544226750101351
4368,0.11671052129380818
4369,0.42853231498016353
4370,0.300529522153742
4371,0.48779098184369324
4372,0.5058273425652953
4373,0.4244564280067181
4374,0.19216753188077434
4375,0.25814964282982733
4376,0.20592113840042325
4377,0.3388947271572432
4378,0.31684419109622197
4379,0.55729547984636
4380,0.5954029143834423
4381,0.6051771513920935
4382,0.4820499465667944
4383,0.5387334642228275
4384,0.44485699638413856
4385,0.40153040158301845
4386,0.6094465420260933
4387,0.8104282643971366
4388,0.2625413325394309
4389,0.5625781566766545
4390,0.45824842324410364
4391,0.4781412276265109
4392,0.4329714611412423
4393,0.14577499391107626
4394,0.26629688135854906
4395,0.001736816635720417
4396,0.0819602759083547
4397,0.28799101617621453
4398,0.5877366929470361
4399,0.13691058372206352
4400,0.3218813065156402
4401,0.170331568431566
4402,0.5068071864177466
4403,0.4360287971629417
4404,0.48102988766562527
4405,0.4836741957187603
4406,0.4252139880462403
4407,0.5874496985870615
4408,0.39064483692526375
4409,0.5892078445775968
4410,0.46031691263483954
4411,0.23387350697696518
4412,0.4695439762905299
4413,0.20096859562117167
4414,0.2524984801034178
4415,0.39082993253780157
4416,0.0017500092460738708
4417,0.33982434881441653
4418,0.31622513875208097
4419,0.41807780648987974
4420,0.33819589635750186
4421,0.41731060794721736
4422,0.44609277808814835
4423,0.23099785482153387
4424,0.6055071092819684
4425,0.4783896079116653
4426,0.38376186980633376
4427,0.2893938923783806
4428,0.4603642209445929
4429,0.7106982962623631
4430,0.23957582793483018
4431,0.611304738031426
4432,0.5142165344125069
4433,0.4389225795857296
4434,0.34520935421412996
4435,0.22772369076309706
4436,0.2182032948339969
4437,0.20371403855395945
4438,0.30698466766599053
4439,0.37540083937299656
4440,0.3224233357798132
4441,0.04957559759899828
4442,0.3653567843278985
4443,0.40473221541917204
4444,0.6525189664937165
4445,0.23771439944915332
4446,0.5212714053289303
4447,0.3439846109249872
4448,0.4857785477390384
4449,0.5046695741000556
4450,0.26996862916656394
4451,0.49956446217848827
4452,0.5345438594662858
4453,0.3036339426266455
4454,0.38916685540432633
4455,0.2633228374520672
4456,0.45013576923978116
4457,0.4386542115145591
4458,0.32806005521534654
4459,0.2750481503085097
4460,0.2684442860937977
4461,0.4532278791875016
4462,0.7405846905493105
4463,0.4230187827734437
4464,0.0009535476742057296
4465,0.5096391081162628
4466,0.3284310408873779
4467,0.5299603748066792
4468,0.8140955147501866
4469,0.3493503622838302
4470,0.26203412474124543
4471,0.2577119143563191
4472,0.753572619931633
4473,0.26862355483464906
4474,0.18773810143289027
4475,0.5528030549728234
4476,0.7285004132798344
4477,0.23543317075743772
4478,0.6392258011413204
4479,0.469317807595856
4480,0.39611907740239316
4481,0.12847419830216378
4482,0.459433188597524
4483,0.2190436781660939
4484,0.3348553317214628
4485,0.41439148109556856
4486,0.4271807694452313
4487,0.15170713943619368
4488,0.45788719134529915
4489,0.33758447322187757
4490,0.3391564458023931
4491,0.3198552640125534
4492,0.20205204566596882
4493,0.42387795038827114
4494,0.1083305931144682
4495,0.2156392006928443
4496,0.4417960357818238
4497,0.8268623999588486
4498,0.5592479601977616
4499,0.3629525905970991
4500,0.656163310286279
4501,0.0010067309335170316
4502,0.40495182032945853
4503,0.39535531264425783
4504,0.40065162103891505
4505,0.5147012810580895
4506,0.2583154585848555
4507,0.38069824311359196
4508,0.5164087838764483
4509,0.443936121907935
4510,0.24304040064151597
4511,0.3081337997646829
4512,0.8262683312358275
4513,0.3744032824231063
4514,0.3188843646846754
4515,0.5299974869862359
4516,0.25825437555601227
4517,0.4663019396039688
4518,0.46501289870904133
4519,0.535122470805974
4520,0.7496418984911798
4521,0.44410504877042156
4522,0.09027124917885988
4523,0.2604129580205512
4524,0.5257948508836152
4525,0.4967703030649296
4526,0.36136490081169964
4527,0.21250339059178372
4528,0.35069500624696687
4529,0.2928521199065465
4530,0.8418402888060378
4531,0.627621281340659
4532,0.2893847359773456
4533,0.4501469197660515
4534,0.5282513060485238
4535,0.6415517039364883
4536,0.5397936314896332
4537,0.469292794844241
4538,0.4990082259966497
4539,0.3611106892471612
4540,0.4142017907039317
4541,0.3909994343252609
4542,0.2563381529362253
4543,0.3459285589913869
4544,0.23046028762707735
4545,0.6533771751760657
4546,0.2598598227008511
4547,0.399817213987362
4548,0.15505086579477062
4549,0.4162588944777467
4550,0.4939752232896582
4551,0.4187881075361138
4552,0.43751354439562534
4553,0.43361142660044905
4554,0.4838553152600659
4555,0.299072223434735
4556,0.34672274778608103
4557,0.37444388979529875
4558,0.46259499849732083
4559,0.3844101929511058
4560,0.0011763866992406584
4561,0.10509316535325111
4562,0.001525898264534576
4563,0.4381521871869435
4564,0.36223119628982353
4565,0.841699541743939
4566,0.599689006124931
4567,0.7393001828106245
4568,0.6088063325983674
4569,0.6426706960495026
4570,0.27685572329315067
4571,0.2525395622046278
4572,0.15977797219644074
4573,0.49088443975903645
4574,0.4601784874925077
4575,0.49431615816297486
4576,0.5640805105553724
4577,0.1520780789780052
4578,0.2606305028657841
4579,0.040783858808056656
4580,0.6761007966164199
4581,0.2470700288072609
4582,0.18285103458714846
4583,0.8599745064832568
4584,0.26460670603819997
4585,0.0012539555025003742
4586,0.4843226033139312
4587,0.483091849325135
4588,0.20717596584579143
4589,0.25298717805222076
4590,0.5265269818891262
4591,0.19856446503680994
4592,0.43555112167231014
4593,0.4241087320099757
4594,0.37581047553034985
4595,0.19976648812215678
4596,0.43814157952696625
4597,0.9994147982422817
4598,0.2506928592215041
4599,0.4820769328453886
4600,0.4458609998390551
4601,0.5419180701671173
4602,0.15333115949945103
4603,0.3328732554065269
4604,0.46616645403973644
4605,0.5850986599497919
4606,0.41397091715344836
4607,0.45836206066485286
4608,0.5902213354371614
4609,0.6411753260752386
4610,0.36646481435317335
4611,0.7941667297124954
4612,0.5646809154625212
4613,0.5010387388881207
4614,0.543234082558378
4615,0.4564349875045012
4616,0.0804851198318954
4617,0.4405551405673032
4618,0.3363871386817746
4619,0.4796232004080444
4620,0.0016414958193996065
4621,0.47915368179092455
4622,0.8062117282379763
4623,0.5461437605813009
4624,0.3657793365082757
4625,0.5062552665976002
4626,0.5331419614622086
4627,0.4989415445343864
4628,0.4251335372234215
4629,0.46928710577120264
4630,0.15135076834296327
4631,0.6019294072270887
4632,0.36809974683480134
4633,0.2647539231626372
4634,0.43828987522307183
4635,0.5618867185286625
4636,0.3489491132829429
4637,0.41461887744101283
4638,0.18989387298302493
4639,0.15744085259722723
4640,0.4688056014914454
4641,0.6618722179360933
4642,0.3725576543394343
4643,0.3318287903168427
4644,0.38995597161968815
4645,0.39862474799361464
4646,0.361787141771736
4647,0.4174502617575931
4648,0.5017140064526924
4649,0.36655517224844164
4650,0.4456867258903201
4651,0.1699014999193671
4652,0.5040221139083404
4653,0.5345772607736164
4654,0.42380174254874364
4655,0.5032329188387662
4656,0.4623424659268595
4657,0.38409782266693926
4658,0.4383578476807604
4659,0.42925702214386846
4660,0.3094226545411872
4661,0.4661931960663468
4662,0.15715085626495842
4663,0.38954781193085714
4664,0.401787869835632
4665,0.6685642054502938
4666,0.5337541539000881
4667,0.2619109665186848
4668,0.5400356145760721
4669,0.38669647034541776
4670,0.23986260207782278
4671,0.4136390949652013
4672,0.44228004674743715
4673,0.3112144310157094
4674,0.3783124675232147
4675,0.48101356615858265
4676,0.48650819760270825
4677,0.6194151252038097
4678,0.579085109594503
4679,0.5864245991035991
4680,0.5000232649261799
4681,0.5380218776510822
4682,0.12026284483420281
4683,0.40060532334472093
4684,0.4032963968159914
4685,0.2988465255893522
4686,0.39504736848503946
4687,0.04367477680933827
4688,0.4492820660915091
4689,0.4612693559341193
4690,0.20848574518760668
4691,0.3621673725570725
4692,0.4317730925230344
4693,0.30180891536112714
4694,0.44006489477922234
4695,0.41029861845967724
4696,0.15054593295075602
4697,0.2930170049188068
4698,0.7238880037160401
4699,0.2785497843985008
4700,0.17788163658717343
4701,0.4560979063715347
4702,0.15478871826310014
4703,0.3338613754924221
4704,0.5702350841849878
4705,0.002510647779565678
4706,0.5112157230193415
4707,0.5485248382582795
4708,0.41354953214888485
4709,0.3595677575677844
4710,0.3697959348191546
4711,0.30261214724909785
4712,0.5621345076596073
4713,0.6416660929674992
4714,0.7618231026889029
4715,0.6608593713566868
4716,0.49221368038200314
4717,0.2582029072972543
4718,0.6195678340663031
4719,0.3693563636703405
4720,0.45963520594410623
4721,0.43833183256957003
4722,0.35044891873299666
4723,0.751176929144998
4724,0.18682341825761628
4725,0.41631745117860297
4726,0.619257457654036
4727,0.13520998519428185
4728,0.4280399956429774
4729,0.5359194684157671
4730,0.4900949792182639
4731,0.2728327735850268
4732,0.5188943859278589
4733,0.4226289727903951
4734,0.4148837007439852
4735,0.3262303372371778
4736,0.6955091764600563
4737,0.42352203016941775
4738,0.27154931616814365
4739,0.571496238651537
4740,0.2299530834250302
4741,0.41163993682315075
4742,0.27454399758246706
4743,0.43140105601415374
4744,0.3313592229184561
4745,0.552113876137363
4746,0.7879489044524678
4747,0.3259194092719708
4748,0.7618067901729572
4749,0.17523266802653556
4750,0.44317722271911947
4751,0.4929359541755358
4752,0.6523896458749221
4753,0.27667678090170444
4754,0.6391292483867425
4755,0.5973271859051256
4756,0.4896726055210979
4757,0.08842296353672705
4758,0.8257015953586321
4759,0.7846464653323282
4760,0.3645804110029421
4761,0.817046553244253
4762,0.6039454813679059
4763,0.08701559942340424
4764,0.5309593787203871
4765,0.5834403529081257
4766,0.6650923892609157
4767,0.49659172086912334
4768,0.4403466458070044
4769,0.3513990543929943
4770,0.6271788005201343
4771,0.8349627010839381
4772,0.6557031645788969
4773,0.4215632400576535
4774,0.39727011221091235
4775,0.3181877418382369
4776,0.08941306072271334
4777,0.801940416854335
4778,0.750450453558104
4779,0.6955545042910392
4780,0.5764834984950223
4781,0.7576440945961322
4782,0.06886572116096466
4783,0.5521798118862591
4784,0.1678949600633854
4785,0.1633303736253559
4786,0.37696737229853006
4787,0.5753168539133331
4788,0.46378358554202936
4789,0.2907979184212486
4790,0.2747201356093622
4791,0.002032801931708775
4792,0.49011462461188005
4793,0.5991881461943003
4794,0.6789257965680655
4795,0.020070721942971614
4796,0.7782424721324489
4797,0.4947120296692984
4798,0.3486765071732618
4799,0.5755939309686594
4800,0.39591312184879074
4801,0.573443283509133
4802,0.3204689628324107
4803,0.24296029146373802
4804,0.4805984914046067
4805,0.5018382026977545
4806,0.29268807386503926
4807,0.7745981566407364
4808,0.0012073203022797266
4809,0.3256614783927668
4810,0.519020319484904
4811,0.2633891379919445
4812,0.5058776468649625
4813,0.412638838111455
4814,0.31861258121167635
4815,0.5102203434208354
4816,0.43397092011674926
4817,0.4377291765579144
4818,0.6312345392948868
4819,0.51204257777563
4820,0.39183140391453
4821,0.3785903683257497
4822,0.2938340922405676
4823,0.3797973980515699
4824,0.4766199567224594
4825,0.3407204421917588
4826,0.10144565994256993
4827,0.22050068431292352
4828,0.2996747220437488
4829,0.44876599837917186
4830,0.42615366424912904
4831,0.2785620863077975
4832,0.168351676408929
4833,0.5861247362198712
4834,0.260624269243453
4835,0.2699926683240406
4836,0.7012727759416588
4837,0.4573061596299126
4838,0.7001940467584593
4839,0.6462096750321973
4840,0.31351886271474144
4841,0.5529310765474971
4842,0.5760144229231139
4843,0.41645984171354516
4844,0.4471986175443449
4845,0.3049551565023579
4846,0.6453051405391568
4847,0.6240869616215686
4848,0.5064982232421911
4849,0.36669805423791774
4850,0.4769764583934224
4851,0.44061356363925946
4852,0.3422331181144676
4853,0.8562608033137821
4854,0.7961794806371526
4855,0.19706477209955622
4856,0.3949994956932222
4857,0.3034457237755382
4858,0.5515922601122955
4859,0.37239516270832446
4860,0.5901661757193277
4861,0.6657098535713378
4862,0.5153411096972975
4863,0.31765994933276936
4864,0.2819191837448743
4865,0.4566367727938632
4866,0.2824898772976811
4867,0.24778891034102565
4868,0.40605656161812265
4869,0.6246503609600952
4870,0.4101228887215894
4871,0.740669203221107
4872,0.5587659016611767
4873,0.26061649216618027
4874,0.8420625214599162
4875,0.36598633903066874
4876,0.7656938463717716
4877,0.639955291799613
4878,0.3663284896933287
4879,0.5534840431638217
4880,0.16942693957493324
4881,0.538915201644699
4882,0.5050435249704999
4883,0.45030260110670484
4884,0.13876879519607138
4885,0.001128546667617651
4886,0.5615824835541748
4887,0.4032793792626886
4888,0.35328770462499853
4889,0.2167519050750476
4890,0.4021445071450596
4891,0.2387994067520632
4892,0.619448713303844
4893,0.0031379822095112925
4894,0.29351348935543264
4895,0.4754730838197723
4896,0.4820357980865851
4897,0.6788084451877927
4898,0.2590385995843557
4899,0.22149575482945924
4900,0.44402279041713505
4901,0.34814821249182604
4902,0.3922682459787088
4903,0.17382163846334456
4904,0.5471275459533436
4905,0.5636939366848757
4906,0.6834138364675685
4907,0.002322322869806417
4908,0.19188016141312722
4909,0.33671899411749917
4910,0.14998524520562057
4911,0.5764833318257171
4912,0.7199937071411018
4913,0.6173158997295348
4914,0.4183986616099286
4915,0.1297485499406319
4916,0.5524048193825637
4917,0.1282528972795005
4918,0.835864038093177
4919,0.7155929466725803
4920,0.504873431880659
4921,0.7537651681880229
4922,0.2580892015167381
4923,0.27319904279958296
4924,0.19537366610792356
4925,0.4404089985367723
4926,0.706046638967026
4927,0.3911088288372948
4928,0.45882065240551206
4929,0.30072250366157366
4930,0.5143046538207631
4931,0.5953220633261853
4932,0.1491317334581195
4933,0.17227920579694572
4934,0.5644735527548421
4935,0.21045040537425463
4936,0.270705765204539
4937,0.20627345714828813
4938,0.6168775541258641
4939,0.6526521163682889
4940,0.32027170545641015
4941,0.3746429014508771
4942,0.22449075377605096
4943,0.17914879638286282
4944,0.38168281419137756
4945,0.4706194327875971
4946,0.44151768629472393
4947,0.3276729083354913
4948,0.6425416476311483
4949,0.40089624890450754
4950,0.7300489286554506
4951,0.3811123614074496
4952,0.28670237541942684
4953,0.19658955754662527
4954,0.426049844126253
4955,0.5934952749657053
4956,0.5588593312158919
4957,0.5050632199225852
4958,0.5409957930969295
4959,0.5819068049329323
4960,0.04594880267428205
4961,0.7737072227707034
4962,0.6999236975880017
4963,0.21920319604507674
4964,0.482984969547774
4965,0.48401845553369616
4966,0.5976177663379469
4967,0.24639411070542477
4968,0.39977017118660285
4969,0.49719983135405493
4970,0.2206123166909905
4971,0.3467414056823778
4972,0.47617180062643377
4973,0.5502388303942825
4974,0.0034244117492835736
4975,0.6090984004060029
4976,0.5206687912390422
4977,0.12531756304654157
4978,0.4274134792922518
4979,0.5905404305907996
4980,0.37940081505965656
4981,0.09728537876721821
4982,0.4622711539081325
4983,0.8303059160186327
4984,0.3997424700001328
4985,0.4984747641620387
4986,0.31092217433191355
4987,0.546465398346456
4988,0.5259256132372929
4989,0.6282492227714483
4990,0.47617988888611584
4991,0.36460345392055193
4992,0.5050549919477145
4993,0.083207051433855
4994,0.34443382457757765
4995,0.4710749218206308
4996,0.4110882109471782
4997,0.5365197748009675
4998,0.6112290212158102
4999,0.17529397784978143
5000,0.6639771966829248
5001,0.6482161947727526
5002,0.8063489487287601
5003,0.39621659599254605
5004,0.231682518355491
5005,0.3079848909002723
5006,0.2621867794463567
5007,0.5688152993308677
5008,0.5198712327702403
5009,0.786165389718626
5010,0.5264186969150879
5011,0.7600638116439886
5012,0.3547743856726911
5013,0.509235100897681
5014,0.3958741532761521
5015,0.3246750070390601
5016,0.5652344222916501
5017,0.5177083331127987
5018,0.35400102299454356
5019,0.2633255022957579
5020,0.6101732686876606
5021,0.2297187151455718
5022,0.6374852718224219
5023,0.5014287332863777
5024,0.5992350257934541
5025,0.36923173778888024
5026,0.5597534523188997
5027,0.2782057198171638
5028,0.3425179986453983
5029,0.5587104551040334
5030,0.2217007174483754
5031,0.4090952852257131
5032,0.5103375156358139
5033,0.4653447652507054
5034,0.546978266227323
5035,0.20830730449176238
5036,0.5147656801414412
5037,0.3152670056056591
5038,0.3507885262582463
5039,0.40886314419594894
5040,0.2884064002762693
5041,0.7326983973760998
5042,0.18553798264184412
5043,0.2752618039342738
5044,0.4777961488122543
5045,0.6613264890634808
5046,0.0661617171072396
5047,0.34994871974659575
5048,0.44046678918890314
5049,0.6613083733928895
5050,0.7440562456501715
5051,0.45047208214146317
5052,0.5228548906642004
5053,0.4306738614482211
5054,0.6523675685591972
5055,0.639109692329406
5056,0.37186548403846276
5057,0.37055488419883
5058,0.4364584514634594
5059,0.1636401161651029
5060,0.5344464821972786
5061,0.3568359831002563
5062,0.1889294070931778
5063,0.4614668792793658
5064,0.47617157904525476
5065,0.24683650548962482
5066,0.2572418315443772
5067,0.17604139920464845
5068,0.3889180464248298
5069,0.15341620425542646
5070,0.41344997490613905
5071,0.009620543915934482
5072,0.12579147669918772
5073,0.8731218877726404
5074,0.3299333855401457
5075,0.3863660540721925
5076,0.47447908940679256
5077,0.40136222360830787
5078,0.4243548394895551
5079,0.46878810201916044
5080,0.4261525905655445
5081,0.6224052638542429
5082,0.22056298709314398
5083,0.4038094142196022
5084,0.21295293768476034
5085,0.5778597758985263
5086,0.4433582248450008
5087,0.5768194918033763
5088,0.6084657591476488
5089,0.16867332193931095
5090,0.5895074161187865
5091,0.3038846532831661
5092,0.31864152648622746
5093,0.7033801752307131
5094,0.6377395896741872
5095,0.5587772742034888
5096,0.6757696755100204
5097,0.500099518896895
5098,0.4419223093983006
5099,0.7514060970314936
5100,0.28921569987810447
5101,0.1468941046369048
5102,0.0016493221547650145
5103,0.15744209279663435
5104,0.4870412947741171
5105,0.5033860748563522
5106,0.5817267754380264
5107,0.39877757772382694
5108,0.6758090766735885
5109,0.46040923415158724
5110,0.5644443942024957
5111,0.29480443850776744
5112,0.40949270374165425
5113,0.40075015169292555
5114,0.45115217630906107
5115,0.38816922369710355
5116,0.40955880245159393
5117,0.43528023001809457
5118,0.21025348223836615
5119,0.09904404502093336
5120,0.5107271254133712
5121,0.3238343228278156
5122,0.2939395262408399
5123,0.5866804390758731
5124,0.6616205612086253
5125,0.26045505302930916
5126,0.17510600816692637
5127,0.4505589205768555
5128,0.5194684954243501
5129,0.3724157985496674
5130,0.2062963104403868
5131,0.43626249917128895
5132,0.35910758680629234
5133,0.36656315853913346
5134,0.4980954895732822
5135,0.3594269903956247
5136,0.26623155315062147
5137,0.40394694214306587
5138,0.43546076205167905
5139,0.36451991674218703
5140,0.27691103670458045
5141,0.2988894798997783
5142,0.4511475641918581
5143,0.4125916708905834
5144,0.6713420925916651
5145,0.32942668153799964
5146,0.7170334084495779
5147,0.5463454965020615
5148,0.4828479214815436
5149,0.5612812955753221
5150,0.1472990253299529
5151,0.5233437586438087
5152,0.5724919909035322
5153,0.4310557240550815
5154,0.006505918162835665
5155,0.2155947501708628
5156,0.3134663724952461
5157,0.7641933529698969
5158,0.1311668841011307
5159,0.5067047793922551
5160,0.607113728893965
5161,0.18823576439380532
5162,0.2613455654350152
5163,0.6024380552023134
5164,0.36215697293778465
5165,0.5975634472203403
5166,0.5490940726869047
5167,0.20153845375578763
5168,0.3361052918367877
5169,0.49681818131272143
5170,0.29830650132719017
5171,0.5034560380299813
5172,0.3376346809599855
5173,0.5079009211833169
5174,0.677647791564962
5175,0.46596194182852957
5176,0.34342497339498185
5177,0.0019374291038576838
5178,0.43821091249510047
5179,0.4764564424130026
5180,0.13156569898113726
5181,0.5164423002519103
5182,0.372220387930623
5183,0.6071994531263536
5184,0.35102925177253197
5185,0.11800880450774534
5186,0.5853005343063139
5187,0.3489902985104516
5188,0.4349536503376099
5189,0.47163267291763056
5190,0.3065587529466701
5191,0.7023660653677817
5192,0.30813198630580174
5193,0.2884353321367294
5194,0.4912120228643658
5195,0.5133988984861568
5196,0.5659970698757901
5197,0.04018879519899645
5198,0.48473481497767085
5199,0.5085517049954413
5200,0.5732843716825868
5201,0.39850047668153793
5202,0.29810264978315915
5203,0.26082751703440715
5204,0.4152291562117331
5205,0.5819277150384893
5206,0.48030229196630797
5207,0.4954770092601971
5208,0.6700455733649002
5209,0.19320118888447363
5210,0.259180019755912
5211,0.7208365567468974
5212,0.39173959733677777
5213,0.38653534585251964
5214,0.4064402752739112
5215,0.44207893282542693
5216,0.445739493122646
5217,0.2805327430319993
5218,0.2785056288490948
5219,0.6141268730062964
5220,0.4384964828075402
5221,0.41557275013294154
5222,0.5378517245837044
5223,0.36759298591669576
5224,0.1429790790892727
5225,0.545488845159842
5226,0.32899295191623884
5227,0.2041648985610756
5228,0.39840758321682024
5229,0.30399977185331284
5230,0.4565349593031931
5231,0.5990504862723955
5232,0.4566421752141548
5233,0.3681941982565845
5234,0.6208648882786554
5235,0.3734841697039589
5236,0.1313463083659402
5237,0.26022617145617655
5238,0.42960034504756056
5239,0.0970344267712352
5240,0.3295029782413048
5241,0.20683354255210396
5242,0.3457192279557547
5243,0.48936065778030335
5244,0.2611139183971331
5245,0.21016690920378436
5246,0.42546750858612786
5247,0.27704658849124436
5248,0.739699511902507
5249,0.7271204632595486
5250,0.3775909310453205
5251,0.228297961475127
5252,0.29426290174621644
5253,0.7449363554802302
5254,0.5668351708593109
5255,0.2365361165025707
5256,0.5825919589166327
5257,0.3179506970757045
5258,0.5045923846506488
5259,0.20342665578838406
5260,0.42909866575546834
5261,0.5993303296007761
5262,0.41947272885166
5263,0.40646571069846565
5264,0.8047041963801365
5265,0.45093127448227793
5266,0.5255408819575039
5267,0.26405509430767166
5268,0.6055062201852232
5269,0.17674982073750647
5270,0.5393175096828196
5271,0.0011784591853797508
5272,0.6104879754142976
5273,0.602115580212972
5274,0.23993422641567091
5275,0.5628635723921381
5276,0.3525653760806669
5277,0.00021096990547898168
5278,0.4455351444891983
5279,0.3963778334118745
5280,0.382188077797895
5281,0.4771481765148642
5282,0.4684914224189961
5283,0.1865234767253854
5284,0.4477689739681507
5285,0.15200407202230773
5286,0.6196418563761781
5287,0.5476764934366826
5288,0.002001401130586328
5289,0.38813533560077423
5290,0.2459132382092839
5291,0.5524855083731623
5292,0.6602666806643349
5293,0.21504558583360017
5294,0.8538982110239646
5295,0.11265802721553636
5296,0.0847651449055571
5297,0.40435109526114055
5298,0.4585825430992694
5299,0.44510138122538945
5300,0.3168376642918556
5301,0.36285443106082443
5302,0.3084123276692877
5303,0.5647790597785987
5304,0.609466736140549
5305,0.454078838526762
5306,0.07813245854227409
5307,0.22183728700112007
5308,0.3479600600709874
5309,0.3860934506541046
5310,0.1291979512530761
5311,0.5250331901718686
5312,0.4912976251328724
5313,0.35451301639580224
5314,0.5230033001935476
5315,0.23357401494240984
5316,0.493378677896712
5317,0.10143033408454555
5318,0.5455002010694741
5319,0.6420277291015357
5320,0.4959654123822074
5321,0.54929530965834
5322,0.24159718875723085
5323,0.27701750692278926
5324,0.38363610422206607
5325,0.5048896776020875
5326,0.5035971629813344
5327,0.37034448195134645
5328,0.40477662195651243
5329,0.7576270792504868
5330,0.5277126338051107
5331,0.060265221678454065
5332,0.32584638301446844
5333,0.2308401934466166
5334,0.47689022083051213
5335,0.00196482981090212
5336,0.5276252066955007
5337,0.4843791536284961
5338,0.3887529462185422
5339,0.36426952181585526
5340,0.22794891789013147
5341,0.154071132554928
5342,0.23218345705577864
5343,0.002928281758671802
5344,0.9987231248765129
5345,0.5172470339536991
5346,0.5296771963529902
5347,0.7237963230526633
5348,0.07156304162312234
5349,0.5759127780977338
5350,0.25955307369394187
5351,0.38608306683069793
5352,0.5592618092630982
5353,0.471474059352207
5354,0.5047323938372658
5355,0.48934524736935714
5356,0.5834975106727905
5357,0.5620200700309341
5358,0.5104009525162686
5359,0.3149061258819187
5360,0.5359366964580365
5361,0.6442984962211938
5362,0.72510144005052
5363,0.5837918935229618
5364,0.33291500066136837
5365,0.5277731670836502
5366,0.14996104977245164
5367,0.828699911413896
5368,0.3956905511421785
5369,0.4036726300794153
5370,0.4786144847738088
5371,0.5027780583934511
5372,0.39967417402728633
5373,0.5387321439752342
5374,0.20595220499422795
5375,0.21874652380952603
5376,0.8519924914639889
5377,0.3367956243909963
5378,0.23987567165226248
5379,0.1632136264065576
5380,0.8379940252676444
5381,0.7896091007243682
5382,0.5272136317669996
5383,0.5042356851939959
5384,0.5192002214109994
5385,0.3699814604695943
5386,0.1695023859516788
5387,0.6759076301300314
5388,0.4454934194745613
5389,0.3580090632826364
5390,0.6197504466891873
5391,0.4682634095945745
5392,0.609675494941667
5393,0.21619311404832472
5394,0.43711315757333946
5395,0.5542762911037635
5396,0.355157309349658
5397,0.297673804824319
5398,0.16664071137347256
5399,0.2256867551173811
5400,0.28680656415565187
5401,0.4575649737245922
5402,0.4484326763268624
5403,0.030736549347046036
5404,0.5417400345856181
5405,0.06592994544620176
5406,0.445397865874417
5407,0.3428770891453072
5408,0.0462375448443252
5409,0.3679975742811329
5410,0.820347549630265
5411,0.19617761458091293
5412,0.40933405654221494
5413,0.13920244706475574
5414,0.2036935581226551
5415,0.201944282300733
5416,0.44972585697613016
5417,0.4809230095248606
5418,0.42269644036186066
5419,0.5568434628616579
5420,0.8890067594214338
5421,0.15420317307910125
5422,0.3779304746950993
5423,0.29987233527138607
5424,0.83687244141442
5425,0.3991343381616303
5426,0.3459170380777898
5427,0.4700846799047786
5428,0.5072908750255936
5429,0.7165709725117351
5430,0.5646192572659714
5431,0.0020609177804236057
5432,0.3061249181581696
5433,0.4538140021635062
5434,0.45381915390005373
5435,0.21775059079181694
5436,0.23733172497465524
5437,0.826516373952517
5438,0.5851471436817316
5439,0.6036642961514473
5440,0.01114161057106124
5441,0.42621702204419815
5442,0.4278188435185804
5443,0.2467957056314861
5444,0.4550419286243013
5445,0.19061681242512626
5446,0.643275352032823
5447,0.15392529617121362
5448,0.5188876673624988
5449,0.5730329650456688
5450,0.5217838467926411
5451,0.43465380179510177
5452,0.3965407181678086
5453,0.30950749898802193
5454,0.5580079126598929
5455,0.21602144614716012
5456,0.3470501168130457
5457,0.2460455237455889
5458,0.3687222089958587
5459,0.4055461147517785
5460,0.5714576867621343
5461,0.42082107105724986
5462,0.8122695172618363
5463,0.7975499308141083
5464,0.32117993922238264
5465,0.5851451761883204
5466,0.25879761540863144
5467,0.2911062921121587
5468,0.2690328778870022
5469,0.36721631701805785
5470,0.27391912990741185
5471,0.5162074661433655
5472,0.27450903276578265
5473,0.42060730370187266
5474,0.13247540960159881
5475,0.49097938427460697
5476,0.44195289394003084
5477,0.27324898101836215
5478,0.4074188565051911
5479,0.13527008114021008
5480,0.3081447067578801
5481,0.4558260700269455
5482,0.6811997758503591
5483,0.6108643055028031
5484,0.3153986012218931
5485,0.6018879033012279
5486,0.1606910450668592
5487,0.39637421141968404
5488,0.5356233719977439
5489,0.6089748970083705
5490,0.6729422264080924
5491,0.32320430747600987
5492,0.3590398041788981
5493,0.35495108662399716
5494,0.4421371019988515
5495,0.436025449918412
5496,0.5047750248209156
5497,0.4007008940989938
5498,0.2713004816999239
5499,0.39610483037119093
5500,0.13887812036753222
5501,0.29628722462066875
5502,0.46572622352212956
5503,0.3391602813577971
5504,0.3879798372450035
5505,0.49933840822091263
5506,0.49260869706002686
5507,0.503822737690782
5508,0.5587655606600735
5509,0.4427810069903582
5510,0.4543202127660995
5511,0.39958633624949963
5512,0.5373907220840167
5513,0.5466137154603425
5514,0.4109402942172571
5515,0.35624508707152325
5516,0.3612212297414193
5517,0.35982448859540694
5518,0.33104345144806024
5519,0.44786643380732777
5520,0.4111452898610555
5521,0.16693267410546966
5522,0.5019160831722124
5523,0.6072946789747558
5524,0.2462968582104705
5525,0.5435187446520119
5526,0.4212640596145462
5527,0.2835052796817887
5528,0.5230029775626488
5529,0.4975583016726252
5530,0.5018217498349856
5531,0.3699051443453105
5532,0.6081961469104951
5533,0.4073970181547626
5534,0.22572120022446865
5535,0.06597170101161579
5536,0.0015538788621935855
5537,0.11834640689054245
5538,0.4921572661820149
5539,0.5455843079453429
5540,0.28868806558709625
5541,0.5474003125364405
5542,0.7274272737651234
5543,0.19544757841053115
5544,0.49066510712958195
5545,0.8201993640934957
5546,0.27057165460795485
5547,0.3591846590474131
5548,0.2381561284510121
5549,0.27714145171528376
5550,0.3417822069700493
5551,0.6010067744609482
5552,0.5456939510357047
5553,0.5032992956143223
5554,0.45388117344597095
5555,0.2455170997439402
5556,0.0020963206307042363
5557,0.5526307462896021
5558,0.1851059389189472
5559,0.2670991976779563
5560,0.1392914737858255
5561,0.41890538118069415
5562,0.19733846604442415
5563,0.4707496373263302
5564,0.5032842852473162
5565,0.48724118648340214
5566,0.2663423576334567
5567,0.2562026671338704
5568,0.2609408323198875
5569,0.4891970329275082
5570,0.7838914332991405
5571,0.47114604670540655
5572,0.7018069956743014
5573,0.34810295756997167
5574,0.4776864240018131
5575,0.3217179474016219
5576,0.467320742239947
5577,0.2775696307728786
5578,0.2630937140408155
5579,0.49404340045509465
5580,0.46692763512086066
5581,0.6097576562969514
5582,0.6689047039582222
5583,0.14034830681903965
5584,0.4908590757724279
5585,0.4919748263554885
5586,0.6379989369491741
5587,0.7495826930266342
5588,0.3976252329469142
5589,0.5077923393071152
5590,0.5266005325415137
5591,0.4739557940148074
5592,0.46463363589624446
5593,0.3616711108301458
5594,0.44406018531109426
5595,0.4211744120239395
5596,0.37534716193678586
5597,0.552511082149102
5598,0.24681287157516457
5599,0.3659302581760559
5600,0.6736387608583775
5601,0.2765308827585885
5602,0.0008733186887379184
5603,0.5750650499497859
5604,0.44296124193736364
5605,0.41793220061547426
5606,0.44605914368544164
5607,0.21668968948674736
5608,0.2139643843206626
5609,0.628119218141536
5610,0.005251578885785382
5611,0.6832214653862899
5612,0.34656370604697373
5613,0.4087107563214447
5614,0.4696486321029931
5615,0.35558465296443126
5616,0.4688247371941691
5617,0.38589068396763965
5618,0.47166297326051687
5619,0.41307531104698203
5620,0.35511658499308124
5621,0.3973432908601734
5622,0.3822028323831465
5623,0.0007197960392718198
5624,0.4210497199817156
5625,0.4373077077275663
5626,0.1674994631137903
5627,0.26478280239941665
5628,0.4732816786386973
5629,0.39271529345466216
5630,0.4477271975328565
5631,0.5781804840512226
5632,0.4195548046877091
5633,0.34956335026283647
5634,0.11842088160759764
5635,0.36098188921459845
5636,0.3152561483167908
5637,0.4091348379810764
5638,0.5149637332519402
5639,0.4739550347592387
5640,0.39338980474131247
5641,0.6197258957846514
5642,0.3420555543259822
5643,0.1854896852535723
5644,0.7481305747340502
5645,0.3650534028986447
5646,0.5620925978855696
5647,0.4971231306873894
5648,0.3068052574176684
5649,0.4752343555592504
5650,0.2838075258450297
5651,0.7949925045312488
5652,0.4926156962067481
5653,0.4895443929157509
5654,0.2451204847411759
5655,0.41813220617702024
5656,0.4988231501036388
5657,0.5059048988640594
5658,0.3443379018228635
5659,0.6377763685855612
5660,0.027766158688075013
5661,0.2183923155311037
5662,0.3757651161277416
5663,0.0017506951320602083
5664,0.7467197547970743
5665,0.2832292513326259
5666,0.41598034099936515
5667,0.49949630999907085
5668,0.19016223737204171
5669,0.40523180573439266
5670,0.05830209750161916
5671,0.4603608069517217
5672,0.43008428543990357
5673,0.20413478800421594
5674,0.5825920504738558
5675,0.44169510139150187
5676,0.13401758650512308
5677,0.4705202874362273
5678,0.5508810298269562
5679,0.4061123660501791
5680,0.16567045004215944
5681,0.33855296503192245
5682,0.17462124605032042
5683,0.0006756049336601607
5684,0.3737093797813456
5685,0.5774402804652315
5686,0.5786939368425327
5687,0.6484853397084179
5688,0.4697713891853397
5689,0.5173367736078999
5690,0.6445574586342139
5691,0.7051901685583011
5692,0.5349977253556625
5693,0.4782342096989471
5694,0.6820441819227754
5695,0.5160471775280767
5696,0.454730974643674
5697,0.5122229756922162
5698,0.5026577822330065
5699,0.2967916383442114
5700,0.34328714235424257
5701,0.19761506350545305
5702,0.48010023184995926
5703,0.490156480593
5704,0.029979819905840106
5705,0.39852398207389045
5706,0.42404805329222506
5707,0.1021949449758297
5708,0.4299198690759328
5709,0.6398259179314632
5710,0.5156736435791087
5711,0.4928560638371419
5712,0.15893984142324452
5713,0.44551444022478637
5714,0.6699867676923842
5715,0.5519829007627722
5716,0.47723473146145773
5717,0.44719522458435723
5718,0.42250095658354103
5719,0.565331435839364
5720,0.2528789144146594
5721,0.3835014101406392
5722,0.3084991284697903
5723,0.0015392426477220155
5724,0.14755178760028004
5725,0.33378648447224685
5726,0.2974737352746241
5727,0.014037010201239455
5728,0.4378163403995113
5729,0.0008286283788066588
5730,0.4624067105124495
5731,0.3840124922851915
5732,0.6749783760395275
5733,0.0027496306043133098
5734,0.5331435157387298
5735,0.5674725668465261
5736,0.44863979833192946
5737,0.5457700672039336
5738,0.555929098358226
5739,0.47150820512398556
5740,0.41722438681655977
5741,0.4683413347405054
5742,0.37345205657183234
5743,0.6071997187672845
5744,0.5384747776471372
5745,0.493826096470634
5746,0.45004892579671746
5747,0.07764307852219018
5748,0.36903075247858574
5749,0.49924966480073446
5750,0.48198320749814544
5751,0.543895820840158
5752,0.42217544246647315
5753,0.485930672509985
5754,0.3768586076598482
5755,0.2795238428122765
5756,0.3681729074403171
5757,0.5116652868826272
5758,0.4089244932525177
5759,0.5120445864371572
5760,0.49765418285712676
5761,0.25332678474657255
5762,0.5022373962267098
5763,0.3048314069205885
5764,0.6452069518618998
5765,0.4338827829460786
5766,0.1027208045395125
5767,0.21143749490227454
5768,0.5026062731769692
5769,0.669004698027463
5770,0.6191449734646954
5771,0.5095103880709134
5772,0.41133003231950255
5773,0.3091285254830734
5774,0.6721975294698963
5775,0.512918849736939
5776,0.4010697761412603
5777,0.655404586643782
5778,0.4972290784516009
5779,0.0028837191417069043
5780,0.6812997022158086
5781,0.2496297116196454
5782,0.002564966696510983
5783,0.3811019858160709
5784,0.3505409927152176
5785,0.3573387144150071
5786,0.4368513282955824
5787,0.32141737130264153
5788,0.5953766083678816
5789,0.11947411139831067
5790,0.41963220266056245
5791,0.3005934856951436
5792,0.400319346710893
5793,0.41057625318394714
5794,0.47670664039629346
5795,0.3144188711469095
5796,0.1191938170393577
5797,0.4663579238698063
5798,0.617234684814376
5799,0.37342207597223886
5800,0.29534602925045006
5801,0.1403466067755521
5802,0.5491115748112003
5803,0.3257833709617677
5804,0.47621764994398336
5805,0.41078272196773236
5806,0.25907486963590076
5807,0.5386990583807243
5808,0.36098346899331174
5809,0.5894532901640054
5810,0.32989321414091777
5811,0.40319222289561274
5812,0.7498497046003133
5813,0.4155836400341855
5814,0.5136262421365244
5815,0.3609484768237852
5816,0.24416948641636466
5817,0.6164698811291457
5818,0.5382123312154804
5819,0.4815619293548336
5820,0.44902948660333925
5821,0.45787456388994097
5822,0.5413292226553229
5823,0.42658539180608906
5824,0.16282887435846755
5825,0.43594660157637516
5826,0.5085534058914212
5827,0.6942447509201887
5828,0.29598688799215883
5829,0.2629202335747086
5830,0.4982853124564501
5831,0.733758400736291
5832,0.4563715437917987
5833,0.27906826562233966
5834,0.32739824471274664
5835,0.4338670003606974
5836,0.9065609547421427
5837,0.202550325956355
5838,0.4997725258859444
5839,0.46737970806043955
5840,0.48992575439344527
5841,0.8646041833945289
5842,0.5676280833407601
5843,0.5076373128538956
5844,0.48657112430444704
5845,0.5412527199323977
5846,0.6206253872581918
5847,0.4100006098827552
5848,0.9970447819818397
5849,0.19775362371095845
5850,0.4366698853865682
5851,0.2603479778912539
5852,0.4033021004446181
5853,0.5544672866388146
5854,0.32127113012841885
5855,0.3823174435626149
5856,0.525968900488528
5857,0.07434358115448955
5858,0.11315154765649468
5859,0.37946819224450584
5860,0.28220281745634707
5861,0.4386071508374777
5862,0.1975425283787015
5863,0.23011618715432255
5864,0.6513762186535225
5865,0.5941533937268129
5866,0.5929711650622658
5867,0.27241274357300616
5868,0.6559278384954916
5869,0.4569506364017649
5870,0.8239124056514869
5871,0.48215933334332245
5872,0.44763841077732297
5873,0.45319599335996574
5874,0.0013335333762136098
5875,0.33751738254583036
5876,0.464263935929915
5877,0.5595591109373638
5878,0.6012952165485803
5879,0.5304563899049631
5880,0.7005516623099759
5881,0.6042541638717879
5882,0.533068306709824
5883,0.3834734352656112
5884,0.152831546869354
5885,0.14573657724867986
5886,0.3702484517600118
5887,0.8717964941454974
5888,0.14606822890366
5889,0.8435231812761277
5890,0.2928568593494848
5891,0.004603719100230829
5892,0.3208362939436414
5893,0.42775199943968295
5894,0.6134821076943618
5895,0.34414632009102664
5896,0.49379238208292137
5897,0.001179622162642275
5898,0.06201901818041252
5899,0.3922906843882262
5900,0.37428775993908237
5901,0.23757413808239466
5902,0.5378741125328081
5903,0.46687525547336906
5904,0.26018168367084693
5905,0.6303897138025877
5906,0.4908176192990544
5907,0.5711785027860121
5908,0.40965874327718665
5909,0.3904625854041565
5910,0.21111201488138542
5911,0.3004122136709699
5912,0.2803828551388553
5913,0.005505133654671322
5914,0.11288354519101976
5915,0.23908924064734866
5916,0.48704626888237285
5917,0.4985929670633874
5918,0.5779896372086548
5919,0.6974412623280662
5920,0.3198223027927342
5921,0.24522316950931475
5922,0.6600690567623595
5923,0.5248516259270707
5924,0.8110500990055673
5925,0.11324253941792684
5926,0.5868961088172778
5927,0.34338262848508216
5928,0.11034429431510276
5929,0.19809614136280157
5930,0.17193016372257214
5931,0.15213809868439998
5932,0.36630355954035254
5933,0.07678998462612475
5934,0.3366110444763539
5935,0.4539973946749025
5936,0.3103556704973392
5937,0.37561460534160573
5938,0.0019970871575936406
5939,0.594413410541398
5940,0.35058616759365435
5941,0.7285786900925315
5942,0.40808985429463307
5943,0.49882600793540954
5944,0.3399112388694707
5945,0.18297920591968264
5946,0.11278750068876638
5947,0.19104635009676965
5948,0.6188612873748837
5949,0.222338153256411
5950,0.6823599381056135
5951,0.4716798626508681
5952,0.35589921339480246
5953,0.4397099887305254
5954,0.11826742111644907
5955,0.28014735807652885
5956,0.4922931049537348
5957,0.20018930426976905
5958,0.4569692400347203
5959,0.14177071089610432
5960,0.5073075585291792
5961,0.3940614662978922
5962,0.37465392208675163
5963,0.3589701816421377
5964,0.5123904150491735
5965,0.3430912448974422
5966,0.8665524706815758
5967,0.5689568578340741
5968,0.38430757363891765
5969,0.5448268369491687
5970,0.33852437616081554
5971,0.6550933469849742
5972,0.3199437371025002
5973,0.4285694021516995
5974,0.3317352300417152
5975,0.775255271370024
5976,0.35270819460316505
5977,0.621716262924215
5978,0.5446972124564816
5979,0.791169393373267
5980,0.20091985113802807
5981,0.5567350530943223
